contract_id,summary,termination_clause,confidentiality_clause,liability_clause,source_path
2ThemartComInc_19990826_10-12G_EX-10.10_6700288_EX-10.10_Co-Branding Agreement_ Agency Agreement,"Title: Co-Branding Agreement between 2TheMart Com Inc and i-Escrow Inc

This Co-Branding Agreement, effective from August 26, 1999, outlines the terms between 2TheMart Com Inc and i-Escrow Inc for a one-year period, renewable, regarding their co-branded services. Key obligations include 2TheMart providing materials and services ""as is,"" disclaiming all warranties, and i-Escrow acting in good faith and indemnifying 2TheMart against any claims arising from its acts or misrepresentations. Termination can occur for various reasons, with surviving provisions ensuring completion of pending customer transactions. Notable risks include potential liabilities for breaches and penalties for non-compliance with the agreement's terms.","Termination: Upon any reason, all rights granted under the Agreement terminate, i-Escrow pays all owed amounts to 2TheMart within six weeks, and both parties remove each other's content and marks from their servers. Unless terminated for material breach, all provisions of the Agreement survive to complete pending Customer transactions.","Parties must keep each other's confidential or proprietary information confidential, whether it is disclosed in writing or orally.","Each party disclaims all warranties, express, implied or statutory, including title, non-infringement, merchantability, and fitness for a particular purpose.",dataset\2ThemartComInc_19990826_10-12G_EX-10.10_6700288_EX-10.10_Co-Branding Agreement_ Agency Agreement.pdf
AimmuneTherapeuticsInc_20200205_8-K_EX-10.3_11967170_EX-10.3_Development Agreement,"This Development Agreement between Aimmune Therapeutics Inc. and Xencor outlines the terms for the development, manufacturing, and commercialization of certain therapeutic products. Key obligations include Aimmune granting Xencor exclusive rights to develop and manufacture the products, while Xencor agrees to provide Aimmune with development and manufacturing services. Aimmune has the right to terminate the agreement with a 60-day written notice. Both parties must keep confidential all disclosed confidential information and use it only for the purpose of performing under the agreement. Neither party will be liable for lost profits or indirect damages, but Xencor agrees to indemnify Aimmune for any losses arising from breaches of the agreement. Failure to comply with obligations or confidentiality breaches may result in penalties.",Aimmune has the right to terminate this Agreement at any time with a 60-day written notice.,The receiving party must keep confidential all disclosed confidential information and use it only for the purpose of performing under the agreement. Disclosures are limited to need-to-know employees bound by similar confidentiality obligations.,"Neither party will be liable to the other for any lost profits, special, consequential, incidental, or indirect damages arising from or relating to any breach of this agreement, regardless of any notice of the possibility of such damages. This does not limit or restrict the indemnification rights or obligations of any party under sections 11.1 or 11.2, or damages available for a party’s breach of confidentiality obligations under Article 12.",dataset\AimmuneTherapeuticsInc_20200205_8-K_EX-10.3_11967170_EX-10.3_Development Agreement.pdf
ArcaUsTreasuryFund_20200207_N-2_EX-99.K5_11971930_EX-99.K5_Development Agreement,"The Development Agreement outlines the terms between the Fund and the Blockchain Administrator for the creation, maintenance, and administration of the Fund's digital securities. The Blockchain Administrator is responsible for providing necessary services, including development, administration, and relations with third parties. The Fund employs the Blockchain Administrator as an independent contractor, and the Administrator is liable for costs and expenses. Key obligations for the Blockchain Administrator include performing development and administrative services, maintaining confidentiality of provided information, and entering into agreements with other service providers. Notable risks for the Blockchain Administrator include potential termination by the Fund's Board, liability for damages, liabilities, costs, and expenses arising from the performance of its duties, and the need to indemnify the Indemnified Parties. The Fund is obligated to provide the Blockchain Administrator with all necessary information and to review and control the Administrator's actions. The Agreement may be amended by mutual consent of","This Agreement can be terminated annually by the vote of the Board. Upon termination, the Blockchain Administrator shall be entitled to any amounts owed under Section 4 through the date of termination. Section 5 shall continue to apply to the Blockchain Administrator and its representatives.","Confidentiality: The confidential information provided by a party shall be used solely for the purpose of rendering services pursuant to this Agreement. It shall not be disclosed to any third party without the prior consent of the providing party, except in cases where the information is publicly available or required to be disclosed by regulatory authorities or legal counsel.","The Indemnified Parties are indemnified against all damages, liabilities, costs, and expenses (including attorneys' fees and settlement costs) arising from actions, suits, investigations, or other proceedings related to the performance of the Blockchain Administrator's duties or obligations under this Agreement or as administrator of the Fund.",dataset\ArcaUsTreasuryFund_20200207_N-2_EX-99.K5_11971930_EX-99.K5_Development Agreement.pdf
ClickstreamCorp_20200330_1-A_EX1A-6 MAT CTRCT_12089935_EX1A-6 MAT CTRCT_Development Agreement,"Development Agreement between Client and Developer for the design of an Application. The Developer agrees to create the Application System as per Client's specifications, devote necessary time, and perform Services in a workmanlike manner. The Client is responsible for payment as outlined in Exhibit A. Key obligations include the Developer's control over the means and method of Service delivery, and the Developer's representation of having the right to perform the Services and the ability to do so lawfully. Notable risks/penalties include termination for breach, Developer's liability for taxes, and penalties if found not to be an independent contractor. Confidentiality obligations apply to both parties, and the Developer must deliver all assets used during the project upon completion. Amendments require written consent from both parties, and the Client may assign the Agreement freely, while the Developer may only transfer payment rights with Client's written consent.","This Agreement can be terminated by either party under three conditions: 1. With a 7-day written notice in case of a Force Majeure Event, 2. Unilaterally by the Client within a 7-day notice period, with the Developer only able to cancel due to lack of payment and the Client having a 30-day right to cure before cancellation, and 3. For a material breach.",The Receiving Party must keep Confidential Information confidential and use it only to perform the Agreement; disclosures limited to need-to-know employees bound by similar confidentiality obligations.,"The Developer assumes full responsibility and liability for all taxes, assessments, and penalties imposed against the Developer and/or the Client if the Developer is found not to be an independent contractor and/or not in compliance with applicable laws related to independent contractor work.",dataset\ClickstreamCorp_20200330_1-A_EX1A-6 MAT CTRCT_12089935_EX1A-6 MAT CTRCT_Development Agreement.pdf
CnsPharmaceuticalsInc_20200326_8-K_EX-10.1_12079626_EX-10.1_Development Agreement,"Title: Development Agreement between CNS Pharmaceuticals Inc. and WPD Purpose: This agreement outlines the terms for the research and development of certain products (Development Products) between CNS Pharmaceuticals Inc. (CNS) and WPD. Key Obligations: - WPD must provide regular progress reports and share data, information, and know-how related to the Development Products with CNS. - CNS may terminate the agreement under specific conditions or by mutual agreement. - Both parties must maintain confidentiality of shared information, with limited disclosure to necessary employees and third parties. - WPD is responsible for potential liabilities arising from negligence, breach of warranties, intellectual property infringement, and unlawful payments to foreign officials. Notable Risks/Penalties: - Breach of the agreement may lead to termination. - Each party's total liability for claims related to this agreement will not exceed the fees paid in the previous 12 months. - Failure to comply with the confidentiality obligations may result","This Agreement can be terminated in the following ways: 
1. By either party giving a 30-day written notice if the other party materially breaches the agreement and fails to cure the breach within the 30-day notice period.
2. By mutual written agreement between the parties, with terms that survive termination.",The receiving party must keep confidential all disclosed confidential information and use it only for the purpose of performing under the agreement. Disclosures are limited to need-to-know employees bound by similar confidentiality obligations.,"Neither party will be responsible for indirect, special, incidental, or consequential damages, including loss of profits. The total liability for each party for claims related to this agreement will not exceed the fees paid in the previous 12 months.",dataset\CnsPharmaceuticalsInc_20200326_8-K_EX-10.1_12079626_EX-10.1_Development Agreement.pdf
CoherusBiosciencesInc_20200227_10-K_EX-10.29_12021376_EX-10.29_Development Agreement,"This Development Agreement between Coherus Biosciences and an undisclosed party outlines the terms for the development of a specific product. The key obligations include the Receiving Party maintaining the confidentiality of the Disclosing Party's information, using it only for the purposes stated in the agreement, and implementing appropriate safeguards to prevent unauthorized disclosure. The Receiving Party can disclose the information to certain employees and third parties with a need to know. Termination of the agreement results in immediate payment of accrued obligations. Breach of the confidentiality clause may lead to liability, but neither party will be liable for special, non-compensatory, consequential, indirect, incidental, statutory or punitive damages. The agreement also includes provisions for the distribution of recoveries in the event of an enforcement action.","Upon termination, all accrued payment obligations become immediately due and payable.",The Receiving Party must keep the Disclosing Party’s Confidential Information confidential and use it only for the purposes stated in this Agreement. The Receiving Party must not disclose the Confidential Information to any third party without the Disclosing Party’s written authorization.,"Neither party will be liable to the other for any special, non-compensatory, consequential, indirect, incidental, statutory or punitive damages, including lost profits and lost revenue, except for a breach of the confidentiality clause.",dataset\CoherusBiosciencesInc_20200227_10-K_EX-10.29_12021376_EX-10.29_Development Agreement.pdf
ConformisInc_20191101_10-Q_EX-10.6_11861402_EX-10.6_Development Agreement,"This Development Agreement, dated November 1, 2019, between two parties, outlines the terms for a research and development collaboration. The primary purpose is to jointly develop, test, and commercialize certain orthopedic products.

Key obligations include each party contributing its resources, expertise, and intellectual property to the project, maintaining confidentiality of shared information, and sharing joint liability for damages, liabilities, costs, and expenses in proportion to their relative responsibilities and determined liability in the event of a single claim.

Notable risks and penalties include termination of the agreement if either party dissolves, seeks dissolution, or becomes insolvent, and potential legal action for breach of confidentiality or other contractual obligations. Additionally, any assignment of the agreement or related assets requires prior approval from both parties and must be accompanied by a simultaneous assignment of the other agreements and the assigning party's interest in the purchased assets.","Either Party may terminate this Agreement immediately if the other Party is dissolved, seeking dissolution, or becomes insolvent.","Employees, consultants, and Agents with access to Confidential Information are contractually obligated to maintain its confidentiality.","Joint Liability: Parties will share damages, liabilities, costs, and expenses in proportion to their relative responsibilities and determined liability in the event of a single Claim.",dataset\ConformisInc_20191101_10-Q_EX-10.6_11861402_EX-10.6_Development Agreement.pdf
CreditcardscomInc_20070810_S-1_EX-10.33_362297_EX-10.33_Affiliate Agreement,"This Affiliate Agreement, dated August 10, 2007, between CreditcardscomInc and an affiliate (Affiliate), outlines the terms for promoting Chase's products. Key obligations for both parties include adhering to the terms of the agreement, maintaining confidentiality of certain information, and making necessary disclosures. The agreement also specifies that neither party will be held liable for indirect, special, incidental, or consequential damages, with total liability not exceeding the fees paid in the past 12 months. Breach of terms may lead to termination with a 30-day written notice. Notably, Chase reserves the right to modify the agreement without notice, and continued participation following such modifications signifies binding acceptance.",This Agreement can be terminated by either party with a 30-day written notice if the other party breaches any terms and fails to correct the breach within 30 days.,"Confidentiality: Information will not be considered confidential if it was known prior to disclosure, is publicly known, obtained from a third party without breaching confidentiality, or independently developed.","Neither party will be liable for indirect, special, incidental, or consequential damages, including loss of profits. The total liability of each party for claims arising from this agreement will not exceed the fees paid in the past 12 months.",dataset\CreditcardscomInc_20070810_S-1_EX-10.33_362297_EX-10.33_Affiliate Agreement.pdf
CybergyHoldingsInc_20140520_10-Q_EX-10.27_8605784_EX-10.27_Affiliate Agreement,"This Affiliate Agreement, effective from its execution by MA and acceptance by the Company, grants MA the rights to market, sell, and support the Technology listed in Schedule A for internal language learning and communication purposes. Key obligations for MA include maintaining confidentiality, not using Confidential Information without prior written authorization, performing services for clients, and not disclosing Confidential Information to third parties. The Company, in turn, must supply MA with access to major published modifications or upgrades to the Technology. Termination can occur with a 30-day written notice at the end of the term or any renewal term, but the Agreement cannot be terminated due to MA's failure to follow an operating plan, standard procedure, training manual, or substantial equivalent published in Paragraph 3 (k) of this Agreement, except for MA's failure to follow required procedures related to the processing of sales. Notable risks and penalties include potential liability","This Agreement can be terminated by either party with a 30-day written notice at the end of its term or any renewal term. The Agreement cannot be terminated due to MA's failure to follow an operating plan, standard procedure, training manual, or substantial equivalent published in Paragraph 3 (k) of this Agreement, except that the Company can terminate the Agreement for MA's failure to follow required procedures related to the processing of sales.","The Receiving Party must keep the Technology, personally identifiable data or information regarding any end user, and any other Confidential Information confidential.","Company shall not be liable for tort or contract damages, or indirect, special, general, incidental or consequential damages, including loss of profits, anticipated profits, and loss of goodwill.",dataset\CybergyHoldingsInc_20140520_10-Q_EX-10.27_8605784_EX-10.27_Affiliate Agreement.pdf
DeltathreeInc_19991102_S-1A_EX-10.19_6227850_EX-10.19_Co-Branding Agreement_ Service Agreement,"This Co-Branding and Service Agreement, dated November 2, 1999 (DeltathreeInc_19991102_S-1A_EX-10.19_6227850_EX-10.19), outlines the terms for a partnership between DeltaThree and PrimeCall to co-brand a prepaid IP telephony calling card. Key obligations include PrimeCall selling and advertising the Calling Card online, and DeltaThree providing services for PrimeCall's on-line business. Each party is required to keep the other's proprietary information confidential, and breach of this agreement may result in termination of the agreement and entitlement to injunctive relief. The agreement also includes a liability cap on damages.","This clause outlines the effects of termination of the agreement. Upon termination, all rights and obligations of PrimeCall and DeltaThree will terminate, except for certain exceptions. The termination does not waive any rights due to a breach of the agreement, the right to receive payments, and the provisions of Article VII [Limited Warranty] will continue.","The parties must keep confidential proprietary information concerning each other's business and affairs. They are not allowed to use this information for their own benefit or for the benefit of any third party, except as required by law. However, this confidentiality obligation does not apply to information that becomes publicly available or is obtained from a source other than the parties themselves.","No indirect, special, incidental, or consequential damages; aggregate liability capped at fees paid in the previous 12 months.",dataset\DeltathreeInc_19991102_S-1A_EX-10.19_6227850_EX-10.19_Co-Branding Agreement_ Service Agreement.pdf
DigitalCinemaDestinationsCorp_20111220_S-1_EX-10.10_7346719_EX-10.10_Affiliate Agreement,"This Affiliate Agreement, dated December 20, 2011, between Digital Cinema Destinations Corp. (NCM) and an unnamed party, outlines the terms for their business relationship. The purpose is to establish the terms for NCM's affiliate program. Key obligations include NCM providing digital cinema services, and the other party promoting these services and sharing revenue. The other party's liability is limited to the amount of net revenue received by NCM during the five years preceding any liability, less any amounts paid by NCM for previous events of liability. Notable risks and penalties include the other party's breach of confidentiality, which could result in equitable relief, and the limitation of damages to direct damages only, with no liability for indirect, special, consequential, punitive, exemplary, or extra-contractual damages. The agreement is the complete and exclusive statement of the agreement between the parties, and can only be amended with mutual written agreement.",Either party can terminate this agreement immediately by providing written notice.,"Each party must keep the other party's Confidential Information confidential, except for disclosures required by law or court order, and must provide prior written notice. The Confidential Information can be used only to fulfill the obligations under this Agreement.","Neither party will be liable for indirect, special, consequential, punitive, exemplary, or extra-contractual damages of any kind, including lost profits, lost revenues, or loss of business, regardless of legal theory, whether or not foreseeable, even if advised of the possibility or probability of such damages. The remedies provided by this agreement and the provisions of this agreement allocate the risks of this agreement between the parties, some of which may be unknown or unknowable. These limitations are a material inducement for the parties to this agreement to enter into this agreement, and the parties to this agreement agree to be bound by these limitations.",dataset\DigitalCinemaDestinationsCorp_20111220_S-1_EX-10.10_7346719_EX-10.10_Affiliate Agreement.pdf
EbixInc_20010515_10-Q_EX-10.3_4049767_EX-10.3_Co-Branding Agreement,"This Co-Branding Agreement, dated May 15, 2001, between Ebix Inc. and About, outlines the terms for a partnership to jointly market and sell insurance products. Key obligations include Ebix providing tools and services, and About easing, transferring, disseminating, displaying, or otherwise disclosing customer data to Ebix. Each party is responsible for complying with applicable laws regarding taxes, employment, and benefits. The agreement includes a confidentiality clause, with penalties for breach of confidentiality. The agreement can be terminated under certain conditions, and provisions regarding liability and ownership of intellectual property are included. Certain sections of the agreement have been redacted due to confidential treatment requests.","eBix has the right to terminate this agreement, with conditions, at a specified time after the effective date of the agreement.",Confidentiality: Confidential treatment has been requested for portions of this document.,Limitation of Liability: Confidential treatment has been requested for portions of this document. The redacted material has been filed with,dataset\EbixInc_20010515_10-Q_EX-10.3_4049767_EX-10.3_Co-Branding Agreement.pdf
EdietsComInc_20001030_10QSB_EX-10.4_2606646_EX-10.4_Co-Branding Agreement,"This Co-Branding Agreement (EdietsComInc_20001030_10QSB_EX-10.4_2606646_EX-10.4) outlines a partnership between two parties for mutual branding purposes. Key obligations include maintaining confidentiality of shared information, performing duties in compliance with the agreement, and not violating any existing agreements. Each party represents and warrants they have the authority to enter into the agreement, and the agreement will be legally binding.

The agreement includes a liability limitation, where neither party will be liable for indirect, special, incidental, or consequential damages, with total liability not exceeding fees paid in the previous 12 months. However, this limitation does not apply to indemnification obligations. The agreement also specifies termination conditions, where either party can terminate with a 30-day notice if the other party materially breaches the agreement and fails to rectify within 30 days. Upon termination, parties must return all intellectual property, Confidential Information, and eDiets Content used in connection with the agreement.",This Agreement can be terminated by either party with a 30-day written notice if the other party materially breaches any terms and fails to rectify the breach within 30 days.,"The party must keep Confidential Information confidential and use it only for the purposes explicitly allowed in this Agreement. Disclosures are limited to employees, agents, and contractors with a need to know and who are bound by confidentiality obligations. The party must not disclose or use Confidential Information disclosed by the other party except as expressly permitted in this Agreement. The party must take reasonable measures to maintain the confidentiality of all Confidential Information of the other party.","Neither party will be liable for indirect, special, incidental, or consequential damages, including loss of profits. The total liability for each party will not exceed the fees paid in the previous 12 months. The liability limitations in this agreement do not apply to the indemnification obligations in Sections 2.6 and 13.",dataset\EdietsComInc_20001030_10QSB_EX-10.4_2606646_EX-10.4_Co-Branding Agreement.pdf
ElPolloLocoHoldingsInc_20200306_10-K_EX-10.16_12041700_EX-10.16_Development Agreement,"This Development Agreement between El Pollo Loco Holdings Inc. and Developer outlines the terms for the development of El Pollo Loco restaurants. The key obligations include the Developer's exclusive rights to operate within a specified territory, adherence to the Franchisor's standards, and the obligation to indemnify and hold harmless the Franchisor from losses resulting from Developer's activities. Notable risks for the Developer include potential termination or modification of exclusive rights, confidentiality obligations, and liability for employee-related claims. Penalties for breaching the covenants not to compete could result in immediate and irreparable injury to Franchisor.","Franchisor has the right to terminate or modify the rights of the Developer regarding protected exclusive rights in the Territory, with a notice period of 10 days.",Developer must keep Franchisor's Confidential Information confidential and not use it in violation of the covenants not to compete set forth in the Agreement.,"Developer is liable to indemnify and hold harmless the Franchisor from any losses resulting from Developer's activities under the Development Agreement, including employee-related claims.",dataset\ElPolloLocoHoldingsInc_20200306_10-K_EX-10.16_12041700_EX-10.16_Development Agreement.pdf
EmbarkComInc_19991008_S-1A_EX-10.10_6487661_EX-10.10_Co-Branding Agreement,"This Co-Branding Agreement between Embark Com Inc and Snap, dated October 8, 1999, outlines a partnership for a specified period, during which they will collaborate on branding and marketing initiatives. Key obligations include Snap representing and warranting its authority and compliance with laws, and both parties taking reasonable measures to protect each other's confidential information.

The agreement allows for termination by either party with a 60-day written notice in case of breach, or immediately in case of bankruptcy or similar proceedings. Notable risks include potential legal action for breach of confidentiality, with the affected party seeking injunctive relief in addition to other remedies.

Both parties are independent contractors and cannot assign the agreement without the other's prior written consent. The agreement also includes a force majeure clause, absolving either party from default or breach in case of certain unforeseen events.","The contract can be terminated by either party with a 60-day written notice if there is a breach. The contract can also be terminated immediately if the other party fails to operate normally, files for bankruptcy, assignment for creditors, corporate dissolution, or similar proceedings.","The party receiving confidential information must keep it confidential and use it only to perform the Agreement. Disclosures are limited to need-to-know employees bound by similar confidentiality obligations. In case of a breach, the other party may seek injunctive relief in addition to other remedies. The confidentiality restrictions do not apply to information that is in the public domain, disclosed by a third party legally entitled to do so, or independently developed.","In case of a breach of the confidentiality clause, the affected party may seek and enforce injunctive relief to stop the breach or threatened breach.",dataset\EmbarkComInc_19991008_S-1A_EX-10.10_6487661_EX-10.10_Co-Branding Agreement.pdf
EmeraldHealthBioceuticalsInc_20200218_1-A_EX1A-6 MAT CTRCT_11987205_EX1A-6 MAT CTRCT_Development Agreement,"This Development Agreement between Emerald Health Bioceuticals Inc. (EHS) and Dr. Murray, effective from February 18, 2020, outlines terms for a collaboration. Key obligations include Dr. Murray providing services until December 31, 2018, with automatic renewal for two-year terms thereafter. EHS and Dr. Murray must maintain confidentiality regarding shared proprietary information, excluding information that is publicly known or independently developed. Neither party is liable for indirect, special, incidental, or consequential damages, with total liability not exceeding fees paid in the previous 12 months. The agreement can be terminated by either party, with surviving sections including confidentiality, force majeure, and certain other provisions.","Termination: This Agreement can be terminated by either party (Dr. Murray or EHS/EHN) in accordance with Section 6.2. Upon termination by Dr. Murray, all rights and obligations cease except for Sections 4, 5 (if obligations have accrued prior to termination), 7, 8, and 9. Upon termination by EHS or EHN, all rights and obligations cease except for Sections 2.1, 3.1, 3.2, 4.1, 5.3, 7, 8, and 9.","Parties shall keep Confidential Information confidential and not disclose it to third parties, except as required by law. Confidential Information includes proprietary information, technical data, trade secrets or know-how, research, product plans, etc. It does not include information that is publicly known, obtained from another without breach of confidentiality, or independently developed.","Neither party will be liable for indirect, special, incidental, or consequential damages, including loss of profits. The total liability of each party for claims related to this Agreement will not exceed the fees paid in the previous 12 months.",dataset\EmeraldHealthBioceuticalsInc_20200218_1-A_EX1A-6 MAT CTRCT_11987205_EX1A-6 MAT CTRCT_Development Agreement.pdf
EtonPharmaceuticalsInc_20191114_10-Q_EX-10.1_11893941_EX-10.1_Development Agreement,"Title: Development Agreement between Eton Pharmaceuticals Inc. and Aucta Pharmaceuticals Inc. Purpose: This agreement outlines the terms for a development partnership between Eton Pharmaceuticals Inc. and Aucta Pharmaceuticals Inc. for the development of certain products. Key Obligations: Eton Pharmaceuticals Inc. is responsible for the development, manufacturing, and marketing of the products. Aucta Pharmaceuticals Inc. grants exclusive rights to the products and provides technical and regulatory support. Both parties agree to maintain the confidentiality of each other's information. Notable Risks/Penalties: Either party can terminate the agreement if the other is in material breach or default. If terminated by Aucta, Eton Pharmaceuticals Inc. can keep any payments made up to the point of termination and market or dispose of any existing inventory. If terminated by Eton, Aucta may keep payments and revert all rights granted to Eton. Both parties are not liable for indirect, special, incidental, consequential, or exemplary damages related to","This Agreement can be terminated by either party with written notice if the other party is in material breach or default of any obligations, representations, or warranties.","The definition of Confidential Information is provided. It includes any confidential information related to the parties' business, this agreement, its terms, or other technical, business, or financial information provided as per the agreement. It does not include information that becomes publicly available except due to disclosure by the receiving party.","Neither party will be liable for any indirect, special, incidental, consequential or exemplary damages, whether foreseeable or not, related to this Agreement.",dataset\EtonPharmaceuticalsInc_20191114_10-Q_EX-10.1_11893941_EX-10.1_Development Agreement.pdf
FuelcellEnergyInc_20191106_8-K_EX-10.1_11868007_EX-10.1_Development Agreement,"This Development Agreement, dated November 6, 2019, between FuelCell Energy Inc. (FCE) and an undisclosed partner, outlines a collaborative effort for one or more projects within a specified timeframe (Term). The projects' details are described in mutually agreed upon documents (Project Descriptions). FCE retains control over the projects and any intellectual property arising from them. Both parties agree to maintain confidentiality of shared information, with exceptions for disclosures by third parties or situations where the information is independently developed. Breaches of confidentiality may result in penalties. Each party warrants that entering into this agreement does not conflict with any other obligations and that they have obtained necessary approvals. The agreement also includes provisions for termination, force majeure, and indemnification, among others. Notably, neither party is liable for consequential damages, except for breaches of confidentiality or restricted use provisions.",This contract includes a termination clause that outlines post-termination rights and obligations in Article 12.,"The Receiving Party must keep Confidential Information confidential, except for cases where the information is: a) disclosed by a third party legally entitled to provide it, b) independently developed by the Receiving Party's employees or agents without access to information provided by the Disclosing Party, c) released from the confidentiality obligations by the Disclosing Party's written authorization. Failure to adequately protect Confidential Information prior to the exception will not be excused. More specific Confidential Information is not within the scope of this Agreement.","Parties are not liable for consequential, indirect, special, incidental, punitive or exemplary damages, including business interruption, cost of capital, loss of anticipated revenues and profits, loss of goodwill or increased operating costs, except for breach of confidentiality or restricted use provisions and as provided in Paragraph 11.04.",dataset\FuelcellEnergyInc_20191106_8-K_EX-10.1_11868007_EX-10.1_Development Agreement.pdf
HarpoonTherapeuticsInc_20200312_10-K_EX-10.18_12051356_EX-10.18_Development Agreement_Option Agreement,"This Development and Option Agreement between Harpoon Therapeutics Inc. and AbbVie outlines a collaboration for the development of certain compounds. Harpoon is responsible for preparing and obtaining necessary INDs, while AbbVie will provide financial support. Both parties must maintain confidentiality and are not liable for certain types of damages. The agreement can be terminated at any time, but any rights that have accrued prior to termination will still be valid. Notable risks include potential financial losses due to the limited liability clause and potential breaches of confidentiality.",This Agreement can be terminated for any reason. Any rights that have accrued prior to termination will still be valid. Termination does not release a party from obligations that are explicitly stated to survive the termination.,The receiving party must keep confidential all disclosed confidential information and use it only to perform the agreement. Disclosures are limited to need-to-know employees bound by similar confidentiality obligations.,"Neither party nor its affiliates will be liable for indirect, incidental, special, exemplary, punitive, or consequential damages, including loss of profits or business interruption. This applies regardless of the cause, theory of liability, and whether it's in contract, tort, negligence, breach of statutory duty, or otherwise, and even if advised of the possibility of such damages.",dataset\HarpoonTherapeuticsInc_20200312_10-K_EX-10.18_12051356_EX-10.18_Development Agreement_Option Agreement.pdf
HealthcentralCom_19991108_S-1A_EX-10.27_6623292_EX-10.27_Co-Branding Agreement,"Title: Co-Branding Agreement between Healthcentral Com and MLX (1999) This Co-Branding Agreement, dated November 8, 1999, outlines the terms and conditions for a partnership between Healthcentral Com and MLX. The primary purpose is to jointly develop, promote, and distribute co-branded products. Key Obligations: - Healthcentral Com is responsible for providing certain services, while MLX will supply products for co-branding. - Both parties must maintain confidentiality regarding any information, data, and reports obtained in connection with the Agreement. - Each party is responsible for their respective performance and any delays or failures due to force majeure events are excused. - Upon termination, parties must cease using each other's trademarks, return all property, and remove special links from their products. - Each party may only assign this Agreement with the prior written consent of the other, except in cases of assignment to affiliates or purchasers of all or substantially all of their","This Agreement can be terminated by either party with a 30-day written notice if the other party breaches a significant term and fails to correct it within 30 days, or if mutually agreed terms are not agreed upon. It can also be terminated immediately without notice in case of insolvency, receivership, bankruptcy proceedings, or other insolvency events.","Parties must keep confidential any information, data, and reports obtained in connection with the Agreement, unless the information was already public, received from a third party without a duty to keep confidential, or developed independently or approved for release in writing by the disclosing Party.","No indirect, incidental, consequential, special or exemplary damages; liability capped at the subject matter of the agreement.",dataset\HealthcentralCom_19991108_S-1A_EX-10.27_6623292_EX-10.27_Co-Branding Agreement.pdf
HfEnterprisesInc_20191223_S-1_EX-10.22_11931299_EX-10.22_Development Agreement,"This Development Agreement, dated December 23, 2019, between Hf Enterprises Inc. (Developer) and DSS, outlines the terms for the development of a project. The key obligations of DSS include providing the Technology, which is its sole and exclusive property, and ensuring it has the authority to enter into the agreement. The Developer's obligations include using the Technology to develop the project and keeping it confidential for five years post-agreement term. Notable risks and penalties include termination of Developer's rights upon the sale or transfer of its assets or a majority interest, breach of agreement leading to irreparable damages and potential legal action, and liability for reasonable attorney's fees and costs in the event of a breach. The agreement also includes a Mutual Non-Disclosure Agreement (NDA) attached as Exhibit A.","Termination: The rights of Developer under this Agreement will terminate upon the sale or transfer of all or substantially all of Developer's assets or a majority or controlling interest in Developer, unless previously approved in writing by DSS.",Parties are bound by the terms of a Mutual Non-Disclosure Agreement (NDA) for five years after the agreement term. The NDA is attached as Exhibit A.,"Liability: The breaching party may be liable for irreparable damages, and the non-breaching party may seek injunctive relief and specific performance. The breaching party will also pay reasonable attorney's fees and costs.",dataset\HfEnterprisesInc_20191223_S-1_EX-10.22_11931299_EX-10.22_Development Agreement.pdf
IbioInc_20200313_8-K_EX-10.1_12052678_EX-10.1_Development Agreement,"Title: Development Agreement between iBio Inc. and CC-Pharming

This agreement outlines the terms for a joint development project between iBio Inc. and CC-Pharming. Key obligations include each party's responsibility to perform their respective tasks and meet milestones as set forth in a Statement of Work. Notable risks include potential termination due to breach or non-performance, with a 30-day notice period and liability only if the breach is not cured within that time. Confidentiality is also a significant aspect, with both parties agreeing to limit disclosure of Confidential Information for 5 years from the signing date. In case of disputes, designated executives from both parties will attempt resolution, and the prevailing party may recover reasonable attorneys' fees and costs.","Termination: Either party can terminate the Agreement if the other party fails to perform or violates any material obligation, given a 30-day written notice. The termination is without liability unless the breaching party cures the breach within the notice period.",Parties agree to limit disclosure of Confidential Information for 5 years from the signing date.,"If a claim, suit, action, or proceeding is initiated against a party related to this Agreement, the prevailing party is entitled to recover their reasonable attorneys' fees, expert fees, expenses, and court costs from the non-prevailing party.",dataset\IbioInc_20200313_8-K_EX-10.1_12052678_EX-10.1_Development Agreement.pdf
ImpresseCorp_20000322_S-1A_EX-10.11_5199234_EX-10.11_Co-Branding Agreement,"This Co-Branding Agreement (ImpresseCorp_20000322_S-1A_EX-10.11_5199234_EX-10.11) outlines a partnership between two parties for a specified term. The key obligations include Impresse's payment obligations for the duration of the agreement, maintaining confidentiality of each other's information, and neither party binding the other or assuming responsibility for their actions. The agreement can be terminated immediately if there is a material breach. Notable risks and penalties include potential legal action for breach of confidentiality and financial penalties for late payments, with interest accruing at a rate of 1% per month or the maximum permitted by law. Both parties are independent contractors and have no employer-employee, agency, joint venture, or partnership relationship.",This Agreement can be terminated by either party immediately upon written notice if there is a material breach.,"Each party must keep the other party's confidential information confidential and not disclose it to third parties, except to employees, representatives, and agents who need to know the information for the purpose of fulfilling the agreement. The parties must also ensure the confidentiality of the confidential information and not use it for any purpose other than to fulfill their obligations under the agreement.","Neither party has the authority to bind the other party, alter terms, warrant or execute agreements, or represent responsibility for the other party's acts, debts, liabilities, or omissions.",dataset\ImpresseCorp_20000322_S-1A_EX-10.11_5199234_EX-10.11_Co-Branding Agreement.pdf
IntegrityMediaInc_20010329_10-K405_EX-10.17_2373875_EX-10.17_Co-Branding Agreement,"This Co-Branding Agreement, dated March 29, 2001, between Integrity Media Inc. and a third party (TL), outlines the terms for a partnership to co-brand certain products. The key obligations of Integrity Media Inc. include providing the rights to co-brand the products, ensuring no restrictions on the materials or properties furnished, and paying royalties for the co-branded products. TL, on the other hand, is responsible for purchasing a minimum quantity of the co-branded products, using them for promotion, and maintaining confidentiality of disclosed information. Notable risks or penalties include the termination of the agreement if either party assigns their rights to an unrelated third party, and potential liability limitations, with neither party being liable for indirect, special, incidental, or consequential damages, and total liability not exceeding the fees paid in the past 12 months.","This Agreement can be terminated by either party with a six-months written notice if there is an assignment of rights to an unrelated third party. The other party must be given written notice, and in such a case, the other party can also terminate the Agreement with another six-months written notice.",The receiving party must keep confidential all disclosed confidential information and use it only for the purpose of performing under the agreement. Disclosures are limited to need-to-know employees bound by similar confidentiality obligations.,"Neither party will be liable for indirect, special, incidental, or consequential damages, including loss of profits. The total liability of each party for claims arising from this Agreement will not exceed the fees paid in the past 12 months.",dataset\IntegrityMediaInc_20010329_10-K405_EX-10.17_2373875_EX-10.17_Co-Branding Agreement.pdf
InvendaCorp_20000828_S-1A_EX-10.2_2588206_EX-10.2_Co-Branding Agreement,"This Co-Branding Agreement between Invenda Corp and Excite@Home, filed with the Securities and Exchange Commission, outlines the terms for a co-branded application. The primary purpose is to establish the rights and responsibilities for the distribution and maintenance of the co-branded application.

Invenda Corp warrants ownership of the content provided and compliance with the description and technical specifications. Excite@Home is responsible for the hosting and maintenance of the application at agreed-upon rates.

Both parties agree to maintain the confidentiality of each other's proprietary and confidential information. There is a limitation of liability, but certain exceptions apply. In the event of termination, each party will return all confidential information of the other party and pay all earned and undisputed outstanding amounts owed.

The agreement also includes provisions for publicity, indemnities, post-termination communications, and dispute resolution. Certain sections, such as terms, modifications, and payments, have been redacted due to confidential treatment requests.","Upon termination, each party will return all confidential information of the other party.","The parties must keep confidential any proprietary and confidential information about each other's business, financial, technical, or other information marked or designated as such, or information that, by the nature of the circumstances, should be treated as confidential. Confidential information does not include information that is already in the public domain, received from a third party without an obligation to keep it confidential, or independently developed by the receiving party.","Limitation of Liability: Except as specified in Sections 19(a)(iii)(2), (a)(iii)(3), (b)(iii)(2) and (b)(iii)(3), there is a limitation of liability.",dataset\InvendaCorp_20000828_S-1A_EX-10.2_2588206_EX-10.2_Co-Branding Agreement.pdf
LeadersonlineInc_20000427_S-1A_EX-10.8_4991089_EX-10.8_Co-Branding Agreement,"This Co-Branding Agreement, dated April 27, 2000, between LeadersOnline and VerticalNet, outlines their collaboration for co-branding and marketing services. The agreement specifies that neither party will be considered an employer, agent, joint venture, or partner of the other. Key obligations include maintaining confidentiality, providing services, and granting licenses. Upon termination, both parties jointly own User Data, which must be used in accordance with VerticalNet's privacy policy and applicable laws. Notable risks and penalties include liability limitations for indirect, consequential, or incidental damages, and potential breach of confidentiality provisions, which may result in irreparable harm and the agreement's continued enforcement.",This Agreement can be terminated by either party with a 30-day written notice if the other party materially breaches any terms and fails to rectify the breach within 30 days.,"Each party acknowledges and agrees that the provisions of this Article 9 are necessary to protect the other party's interests in its confidential information. Any breach of these provisions may result in irreparable harm to the other party, and the remedy at law for such breach may be inadequate. In the event of any breach, the provisions will remain in effect.","Neither party is liable for any special, indirect, consequential, or incidental damages arising from this Agreement, regardless of the cause and under any theory of liability (including negligence).",dataset\LeadersonlineInc_20000427_S-1A_EX-10.8_4991089_EX-10.8_Co-Branding Agreement.pdf
LegacyEducationAllianceInc_20200330_10-K_EX-10.18_12090678_EX-10.18_Development Agreement,"This Development Agreement, dated March 30, 2020, outlines a partnership between two parties (LEA and T&B) for a specific project. The key obligations include LEA developing certain educational programs and T&B providing financial support, marketing, and other resources. The agreement is binding and can only be modified in writing. Each party is required to indemnify the other for any claims, damages, expenses, and legal fees arising from breaches of their representations, warranties, or covenants. Notable risks include potential liabilities for indirect, special, or consequential damages, and the agreement may be terminated if either party breaches the agreement and fails to cure within 30 days, or if either party becomes insolvent or files for bankruptcy. Confidential information shared under this agreement must be kept confidential, except for information that is already publicly known or disclosed with written approval. The agreement also includes a severability clause, ensuring that if any provision is","The Agreement can be terminated immediately by either party if there is a breach of the agreement that can be cured and the breach is not cured within 30 days of written notice. Either party can also terminate immediately if the other party becomes insolvent, files for bankruptcy or insolvency proceedings, and these proceedings are not vacated within 60 days.","All information provided or accessed due to this Agreement is considered Confidential Information, except for information that is already publicly known, becomes generally known, was previously known, learned through other means, or disclosed with written approval.","Neither party will be liable for indirect, special, or consequential damages, including loss of profits, even if advised of the possibility of such damages.",dataset\LegacyEducationAllianceInc_20200330_10-K_EX-10.18_12090678_EX-10.18_Development Agreement.pdf
LinkPlusCorp_20050802_8-K_EX-10_3240252_EX-10_Affiliate Agreement,"This Affiliate Agreement, dated August 2, 2005, between LinkPlusCorp and Axiometric, outlines their relationship for the sale of AMR (Automatic Meter Reading) product suites. The key obligation for Axiometric is to issue manufacturing requests to LinkPlusCorp, who has the first right of refusal. If LinkPlusCorp declines or cannot meet competitive terms, Axiometric can award the contract to another manufacturer. LinkPlusCorp's main obligation is to manufacture the AMR products according to the provided specifications.

Notable risks and penalties include a material breach of the Agreement if payments are not received within 60 days after their due date. Additionally, both parties agree to keep each other's Confidential Information confidential, with disclosures limited to need-to-know employees bound by similar confidentiality obligations. Liability is capped at fees paid in the prior 12 months, with no liability for indirect or consequential damages. Both parties waive their right to a trial by jury and consent to personal jurisdiction and venue in specified courts.","If payments are not received within 60 days after their due date, it will be considered a material breach of the Agreement",The Receiving Party must keep Confidential Information confidential and use it only for the purpose of performing under this Agreement. Disclosures are limited to need-to-know employees bound by similar confidentiality obligations.,No indirect or consequential damages; aggregate liability capped at fees paid in prior 12 months.,dataset\LinkPlusCorp_20050802_8-K_EX-10_3240252_EX-10_Affiliate Agreement.pdf
LiquidmetalTechnologiesInc_20200205_8-K_EX-10.1_11968198_EX-10.1_Development Agreement,"This Development Agreement between Liquidmetal Technologies Inc. and Eutectix outlines the terms for the development of certain technical information. The key obligations include Liquidmetal disclosing confidential information to Eutectix, who must keep it confidential and use it solely for the purpose of this agreement. Eutectix can share the information with its representatives, but only those who are informed of the confidentiality obligations and have a need to know. Notable risks and penalties include potential legal action for breach of confidentiality, and neither party will be liable for indirect, incidental, or consequential damages. The agreement is the entire understanding between the parties and can only be changed with written agreement from both parties.","This Agreement can be terminated by either party if the other party materially breaches the agreement. However, no termination rights accrue until 30 days after the defaulting party is notified in writing of the material breach and fails to cure within the 30-day period following the notice.","The Recipient must keep Discloser’s Confidential Information confidential and use it only for the purpose of this Agreement. Disclosure is limited to Representatives who are informed of Recipient’s obligations, bound by confidentiality, and have a need to know the Confidential Information. Recipient is responsible for enforcing confidentiality among Representatives and for protecting the Confidential Information.","Neither party will be liable to the other for any lost profits, lost revenues, or any other incidental, indirect, punitive, special or consequential damages whatsoever arising out of this Agreement or any order, or out of the performance or breach of this Agreement or any order, even if the party has been advised of the possibility of such damages.",dataset\LiquidmetalTechnologiesInc_20200205_8-K_EX-10.1_11968198_EX-10.1_Development Agreement.pdf
MphaseTechnologiesInc_20030911_10-K_EX-10.15_1560667_EX-10.15_Co-Branding Agreement,"This Co-Branding Agreement, dated September 11, 2003, between Lucent Technologies Inc. and mPhase, Inc., outlines the terms for the use of Lucent's branding logo on mPhase's multi-access products. Key obligations include mPhase's right to use the Lucent Co-Branding Logo in approved uses, adherence to specified guidelines, and prompt notification of any unauthorized use of the logo by third parties. Lucent, on the other hand, agrees to review and approve the use of the logo and may inspect the products for compliance. Both parties are exempt from liability for indirect, special, incidental, or consequential damages, with total liability capped at fees paid in the previous 12 months. Termination requires written notice at least 30 days prior to the desired date. The agreement supersedes all previous discussions and replaces all past dealings or industry customs.",This Agreement can be terminated by providing written notice at least 30 days prior to the desired termination date.,"This Agreement is the complete understanding between the parties regarding the subject matter and replaces all previous discussions, proposals, and agreements. It supersedes all past dealings or industry customs.","Neither party will be liable for indirect, special, incidental, or consequential damages, including loss of profits. The total liability for each party for claims related to this Agreement will not exceed the fees paid in the previous 12 months.",dataset\MphaseTechnologiesInc_20030911_10-K_EX-10.15_1560667_EX-10.15_Co-Branding Agreement.pdf
MusclepharmCorp_20170208_10-KA_EX-10.38_9893581_EX-10.38_Co-Branding Agreement,"Title: Co-Branding Agreement between MusclePharm Corp and Lender (2017)

Summary: This agreement outlines a co-branding partnership between MusclePharm Corp and a Lender. MusclePharm agrees to pay the Lender cash consideration for endorsement services, with the Lender responsible for reporting and paying applicable taxes. Both parties are required to indemnify each other for any claims arising from breaches of warranties or agreements. Key obligations include MusclePharm providing the Lender with an IRS Form 1099 annually, and the Lender maintaining confidentiality of disclosed information. Termination can occur if either party fails to meet specified obligations, with a notice period of three days. Notable risks include potential liabilities for breaches of warranties or agreements, and penalties for unauthorized assignment or disclosure of confidential information.",Termination: Either party can terminate the agreement by giving a written notice if Musclepharm fails to cure the specified defaults to the satisfaction of the terminating party. The termination becomes effective three calendar days after the date of the termination notice.,"Each party must keep confidential all disclosed information, except for information that becomes public, is required for rights enforcement, or is required by law.",No indirect or consequential damages; aggregate liability capped at fees paid in prior 12 months.,dataset\MusclepharmCorp_20170208_10-KA_EX-10.38_9893581_EX-10.38_Co-Branding Agreement.pdf
NeoformaInc_19991202_S-1A_EX-10.26_5224521_EX-10.26_Co-Branding Agreement,"Title: Co-Branding Agreement between Neoforma Inc. and VerticalNet Inc.

This Co-Branding Agreement, effective December 2, 1999, outlines the terms and conditions for a partnership between Neoforma Inc. and VerticalNet Inc. The key objective is to collaborate in the co-branding of their medical product listings, with each party benefiting from commissions based on net revenues.

Neoforma Inc. and VerticalNet Inc. act as independent contractors, without any employer-employee, agency, joint venture, or partnership relationship. Each party is responsible for its own acts, debts, liabilities, and omissions.

Both parties must exercise good faith and maintain confidentiality regarding each other's confidential information. Termination can occur with a 30-day written notice if a material breach is not rectified within 30 days.

Neither party will be held liable for indirect, consequential, or incidental damages, except in cases of breach of contract or indemnification obligations. This agreement constitutes the entire agreement between the parties, superseding any prior agreements.","This Agreement can be terminated by either party with a 30-day written notice if the other party materially breaches any term and fails to rectify the breach within 30 days. Certain sections and payment obligations will survive termination, and no third-party beneficiaries are intended.","Neither Party shall use the Confidential Information of the other Party for any purpose other than to fulfill their obligations under this Agreement. Both parties will take reasonable steps to ensure their employees, representatives, and agents do not disclose the Confidential Information.","Neither Party will be liable for any special, indirect, consequential, exemplary or incidental damages arising out of or related to this Agreement, except in cases of breach of Article 13 or indemnification obligations as specified.",dataset\NeoformaInc_19991202_S-1A_EX-10.26_5224521_EX-10.26_Co-Branding Agreement.pdf
NlsPharmaceuticsLtd_20200228_F-1_EX-10.14_12029046_EX-10.14_Development Agreement,"This Development Agreement, dated February 28, 2020, between NLS Pharmaceuticals Ltd. and an unspecified party, outlines the terms for the development of certain products. The key obligations for both parties include maintaining confidentiality of shared information, using the information solely for the purposes of this agreement, and disclosing the information only to necessary employees, contractors, or sub-licensees. The agreement allows for early termination in case of material breach by either party, or in the event of a change of control, merger, or consolidation. Notable risks and penalties include potential legal action for breaching confidentiality obligations and limited liability for direct losses resulting from negligent or intentional breaches. The agreement also specifies that no punitive, indirect, consequential, or special damages are allowed.","Early Termination:
- For Material Breach: Upon occurrence of material breach by either party.
- By the Licensor:
- By the Licensee:","The Receiving Party must keep Confidential Information confidential and use it only for the purposes of this Agreement; disclosures are limited to need-to-know employees, contractors, and sub-licensees.","Liability is limited to direct losses resulting from negligent or intentional breaches. No punitive, indirect, consequential, or special damages, business interruptions, loss of revenues, loss of profit, damages, loss of goodwill, or reputational damages are allowed.",dataset\NlsPharmaceuticsLtd_20200228_F-1_EX-10.14_12029046_EX-10.14_Development Agreement.pdf
PaperexchangeComInc_20000322_S-1A_EX-10.4_5202103_EX-10.4_Co-Branding Agreement,"This Co-Branding Agreement between Paperexchange Com Inc and VerticalNet, effective March 22, 2000, outlines the terms for their collaboration. The parties agree to co-brand their respective platforms, with each party having the right to use the other's trademarks and logos. Key obligations include maintaining confidentiality, performing duties in good faith, and making payments based on revenue sharing. Notable risks include potential termination for cause during the initial term, breach of confidentiality leading to injunctive relief, and no liability for special, indirect, consequential, or incidental damages. The agreement also includes a disclaimer of warranties and an independent contractor clause.","Termination for Cause: If the agreement is terminated during the Initial Term by either party, certain obligations and extensions apply.","Parties must keep each other's Confidential Information confidential and use it only to fulfill their obligations under the Agreement. They must also ensure their employees, representatives, and agents comply with this confidentiality provision.","Neither party will be liable for any special, indirect, consequential, or incidental damages.",dataset\PaperexchangeComInc_20000322_S-1A_EX-10.4_5202103_EX-10.4_Co-Branding Agreement.pdf
PcquoteComInc_19990721_S-1A_EX-10.11_6377149_EX-10.11_Co-Branding Agreement1,"The Co-Branding Agreement between PC Quote, Inc. and ABW outlines a partnership for co-branding a financial service. Key obligations include PC Quote providing market data information and ABW promoting the co-branded service. Notable risks and penalties include termination of the agreement if either party breaches material terms and fails to cure within 30 days of notice, and a limitation of liability for each party, with total liability not exceeding fees paid by ABW for the past 12 months. Confidentiality provisions will also survive the termination of the agreement.",This Agreement can be terminated by a party if the other party is in material breach and fails to cure within 30 days of receiving notice.,"Confidentiality provisions will survive the completion, expiration, termination or cancellation of this Agreement.","No party will be liable for indirect, special, incidental or consequential damages, including loss of profits. The total liability of each party will not exceed the fees paid by ABW for the services during the most recent 12 months of the Agreement. This limitation applies regardless of the form of any legal or equitable action. Each party's liability is their sole remedy, and neither party will be responsible for lost profits or special damages.",dataset\PcquoteComInc_19990721_S-1A_EX-10.11_6377149_EX-10.11_Co-Branding Agreement1.pdf
PcquoteComInc_19990721_S-1A_EX-10.11_6377149_EX-10.11_Co-Branding Agreement2,"This amendment, dated December 9, 1996, modifies the Co-Branding Agreement between PC Quote, Inc. (PCQ) and A.B. Watley, Inc. (ABW). The primary purpose is to define the terms for their joint branding efforts. Key obligations include maintaining confidentiality of shared information, using it solely for Agreement performance, and limiting disclosures to necessary employees bound by similar obligations. Either party can terminate the Agreement with a 30-day written notice if the other breaches terms and fails to correct within 30 days. Notable risks and penalties include limited liability for indirect, special, incidental, or consequential damages, with total liability for each party capped at fees paid in the previous 12 months.",This Agreement can be terminated by either party with a 30-day written notice if the other party materially breaches any terms and fails to correct the breach within 30 days.,The Receiving Party must keep Confidential Information confidential and use it only to perform the Agreement; disclosures limited to need-to-know employees bound by similar obligations.,"Neither party will be responsible for indirect, special, incidental, or consequential damages, such as loss of profits. The total liability for each party regarding claims related to this agreement will not exceed the fees paid in the previous 12 months.",dataset\PcquoteComInc_19990721_S-1A_EX-10.11_6377149_EX-10.11_Co-Branding Agreement2.pdf
PelicanDeliversInc_20200211_S-1_EX-10.3_11975895_EX-10.3_Development Agreement1,"This Software Development Agreement, dated February 11, 2020, outlines the terms for Pelican Delivers Inc. to engage Seattle Software Developers for the development of additional features for their software. The project includes POS integration, Google Maps API, payment processing, ID verification, reporting, and a customer-facing web application.

Key obligations for Seattle Software Developers include developing the specified features, maintaining confidentiality, and adhering to the agreed-upon timeline. Pelican Delivers Inc. is responsible for providing necessary resources, approving the design, and ensuring timely payments.

Notable risks and penalties include termination with a 30-day written notice for material breaches, potential liability limitations, and a cap on each party's total liability at the fees paid in the previous 12 months.",This Agreement can be terminated by either party with a 30-day written notice if the other party materially breaches any terms and fails to correct the breach within 30 days.,Confidentiality: The Receiving Party must keep Confidential Information confidential and disclose it only to employees on a need-to-know basis who are bound by similar confidentiality obligations.,"Neither party will be liable for indirect, special, incidental, or consequential damages, including loss of profits. The total liability of each party for claims arising from this Agreement will not exceed the fees paid in the previous 12 months.",dataset\PelicanDeliversInc_20200211_S-1_EX-10.3_11975895_EX-10.3_Development Agreement1.pdf
PelicanDeliversInc_20200211_S-1_EX-10.3_11975895_EX-10.3_Development Agreement2,"Title: Development Agreement between Pelican Delivers Inc. and Client

Purpose: This agreement outlines the terms for a development project between Pelican Delivers Inc. (Developer) and a client (Client). The Developer will provide services, using the Client's confidential information, procedures, and intellectual property.

Key Obligations:
- Developer: Complete the project, maintain confidentiality, comply with laws, and indemnify the Client against losses arising from the project or Client's violations of laws.
- Client: Provide necessary information, ensure legal compliance, and indemnify the Developer against losses arising from the Client's breach of the agreement or violations of laws.

Notable Risks/Penalties: Breach of confidentiality may result in legal action seeking injunctive relief, and either party may terminate the agreement at any time.",Either Party has the right to terminate this Agreement at any time during the agreement's term for any reason.,The Receiving Party must keep Confidential Information confidential and use it only to perform the Agreement; disclosures limited to need-to-know employees bound by similar obligations.,"Developer is liable for defending, indemnifying, and holding harmless Client, its members, owners, officers, employees, independent contractors, and agents from all losses, claims, liabilities, damages, costs, and expenses, including attorneys' fees, related to any claim or action against Developer arising from Client's breach of the Agreement, Client's agreements with its clients or customers, Client's gross negligence or willful misconduct, Client's violations of federal, state, or local laws, or third-party rights.",dataset\PelicanDeliversInc_20200211_S-1_EX-10.3_11975895_EX-10.3_Development Agreement2.pdf
PhasebioPharmaceuticalsInc_20200330_10-K_EX-10.21_12086810_EX-10.21_Development Agreement,"Title: Development Agreement between PhaseBio Pharmaceuticals Inc. and [Redacted]

Purpose: This agreement outlines the terms for a pharmaceutical development project between PhaseBio Pharmaceuticals Inc. (PB) and another party.

Key Obligations:
- PB is responsible for executing security agreements, pledge agreements, and taking further action to perfect or continue the security interest of the other party (SFJ).
- Both parties must maintain confidentiality of shared information, except when authorized or agreed in writing.
- PB must ensure that any subcontractors involved in the project have adequate Professional Liability Insurance.
- The agreement can be terminated if either party breaches the agreement materially, with breaching parties facing potential legal consequences.

Notable Risks/Penalties:
- Failure to maintain Professional Liability Insurance for subcontractors may lead to penalties.
- Material breach of the agreement may result in immediate termination and potential legal action.","This Agreement can be terminated immediately if there is a material breach of the agreement by either party, given that the breaching party has received written notice of the breach.",Receiving Party must keep the other Party's Confidential Information confidential and use it only for the purpose of performing this Agreement or the Program Transfer Agreement. Disclosures are limited to necessary persons bound by confidentiality and non-use obligations.,Parties must have Professional Liability Insurance for subcontractors providing professional services for Clinical Trials. The insurance must have a minimum limit and coverage must be maintained for a certain period after the Agreement ends or the last subject is released from the Clinical Trials.,dataset\PhasebioPharmaceuticalsInc_20200330_10-K_EX-10.21_12086810_EX-10.21_Development Agreement.pdf
RaeSystemsInc_20001114_10-Q_EX-10.57_2631790_EX-10.57_Co-Branding Agreement,"Title: Co-Branding Agreement between Nettaxi.com and SpinRecords.com

This Co-Branding Agreement outlines the terms for a partnership between Nettaxi.com and SpinRecords.com to collaborate on branded web pages. Key obligations include negotiating additional services as needed, maintaining independence, and keeping confidential information secure. Notable risks include termination for insolvency, potential liabilities, and obligations to protect confidential information. Each party may terminate the agreement if the other becomes insolvent, and neither party will be liable for indirect, special, incidental, or consequential damages. Confidential information must be kept confidential and used only to perform the agreement, with disclosures limited to need-to-know employees bound by similar confidentiality obligations.","This Agreement can be terminated by a party for cause immediately upon the following conditions:
- Insolvency Event: Either party can terminate this Agreement if the other party becomes insolvent, files for bankruptcy, or a receiver, trustee, custodian, or similar agent is appointed for the other party or any substantial part of its property.",The Receiving Party must keep Confidential Information confidential and use it only to perform the Agreement; disclosures limited to need-to-know employees bound by similar confidentiality obligations.,"Neither party will be liable to the other for any indirect, special, incidental, or consequential damages, including loss of profits, under any contract, strict liability, negligence, or other legal or equitable theory, in connection with the subject matter of this Agreement.",dataset\RaeSystemsInc_20001114_10-Q_EX-10.57_2631790_EX-10.57_Co-Branding Agreement.pdf
RandWorldwideInc_20010402_8-KA_EX-10.2_2102464_EX-10.2_Co-Branding Agreement,"Title: Co-Branding Agreement between RandWorldwide Inc. and Dassault Systemes Purpose: This agreement outlines the terms for the joint marketing, promotion, and sale of a Co-Branded Service by RandWorldwide Inc. (Rand) and Dassault Systemes (Dassault). Key Obligations: - Rand and Dassault agree to use each other's Marks in the Co-Branded Service, with the condition that they will not use the other party's Marks in a disparaging or negative manner. - Each party retains all rights to their respective Marks, and the right to use the other party's Marks will terminate upon agreement termination. - Joint ownership of Know-How developed or shared under this agreement. - Each party may subcontract services necessary to perform their obligations, provided subcontractors comply with the agreement's terms and conditions. - Each party shall bear their own expenses, except as expressly provided for in the agreement. - The agreement may be assigned or transferred, but the assigning",This Agreement can be terminated by either party if the other party breaches a significant term and fails to correct it within 60 days after receiving written notice.,All communications and information disclosed under this Agreement are subject to the terms and conditions of the Confidentiality Agreement (CNDA).,"Neither party will be liable for indirect, special, incidental, punitive or consequential damages, losses, or expenses, including but not limited to loss of use, loss of profits, or loss of goodwill, except for liability arising from Section 9.3 (Intellectual Property Infringement)",dataset\RandWorldwideInc_20010402_8-KA_EX-10.2_2102464_EX-10.2_Co-Branding Agreement.pdf
ReedsInc_20191113_10-Q_EX-10.4_11888303_EX-10.4_Development Agreement,"Title: Development Agreement between Reed's Inc. and [Company]

Purpose: This agreement outlines the terms for the development of certain deliverables by [Company] for Reed's Inc.

Key Obligations:
- Reed's Inc.: Obtain necessary approvals, ensure non-violation of other contracts, and protect Reed's trade secrets.
- [Company]: Develop deliverables according to specifications, ensure intellectual property does not infringe on third parties, and maintain confidentiality of Reed's confidential information.

Notable Risks/Penalties:
- Breach of contract: Either party can terminate the agreement if the other party breaches terms and fails to cure within 30 days of notice.
- Confidentiality: Failure to maintain confidentiality may result in penalties, including the Receiving Party being required to take steps to recover and prevent unauthorized use or dissemination of Confidential Information.
- Liability: Neither party is liable for consequential, indirect, incidental, special, exemplary, punitive, or enhanced damages, lost profits or revenues, or diminution in value.",Termination: Either party can terminate this Agreement if the other party breaches any terms and fails to cure the breach within 30 days of receiving written notice.,The Receiving Party must keep Confidential Information confidential and use it only for the purposes of this Agreement; disclosures to third parties require prior written consent of the Disclosing Party. Access to Confidential Information is limited to those with a need to know and who are bound by confidentiality obligations.,"Liability: Neither party is liable for consequential, indirect, incidental, special, exemplary, punitive or enhanced damages, lost profits or revenues or diminution in value arising from breach of the agreement or any claim under it, regardless of foreseeability, advice of possibility, or the legal or equitable theory upon which the claim is based.",dataset\ReedsInc_20191113_10-Q_EX-10.4_11888303_EX-10.4_Development Agreement.pdf
RevolutionMedicinesInc_20200117_S-1_EX-10.1_11948417_EX-10.1_Development Agreement,"This Development Agreement between Revolution Medicines Inc. and Sanofi outlines a collaboration for the development, manufacture, and commercialization of certain product candidates. Key obligations include Sanofi's responsibility for funding development activities and providing certain technical and regulatory support, while Revolution Medicines Inc. will conduct research and development, and provide certain intellectual property. Notable risks and penalties include termination by Sanofi for convenience, potential liabilities for actions or inactions of affiliates, sublicensees, or subcontractors, and confidentiality obligations for all parties involved.","Sanofi may terminate this Agreement for convenience by providing written notice to RevMed, either in its entirety or on a country-by-country or Product-by-Product basis.","The Party receiving Confidential Information must keep it confidential and use it only for the purposes of this Agreement. The Confidential Information includes proprietary Know-How, unpublished patent applications, and other non-public information and data of a financial, commercial, business, operational, or technical nature.","Each party is liable for actions or inactions of their affiliates, sublicensees, or subcontractors that would breach the agreement. Parties must require these entities to agree in writing to comply with the agreement's terms. If a party hires a subcontractor after the effective date, the subcontractor must be bound by written confidentiality and non-use obligations.",dataset\RevolutionMedicinesInc_20200117_S-1_EX-10.1_11948417_EX-10.1_Development Agreement.pdf
RitterPharmaceuticalsInc_20200313_S-4A_EX-10.54_12055220_EX-10.54_Development Agreement,"This Development Agreement between Ritter Pharmaceuticals Inc. and Qualigen, Inc. outlines the terms for the development of certain products. The key obligations of Ritter Pharmaceuticals include developing the products according to a specified development plan, maintaining confidentiality of Qualigen's Confidential Information, and indemnifying Qualigen from certain claims. Qualigen, on the other hand, is responsible for providing certain Confidential Information, and indemnifying Ritter Pharmaceuticals from claims related to its products. The agreement allows for termination under two conditions: if Qualigen fails to meet a milestone in the development plan, or if either party gives 90 days' written notice of impending termination. Notable risks and penalties include potential breach of confidentiality, which could result in financial penalties, and failure to meet development plan milestones, which could lead to termination of the agreement.","Sekisui has the right to terminate this Agreement with written notice. Termination can occur under two conditions: (i) if Qualigen fails to meet a milestone in the Development Plan, or (ii) at any time with 90 days' written notice of impending termination.","Parties shall keep each other's Confidential Information confidential and shall not disclose or use it except as expressly allowed by this Agreement, for the purposes of this Agreement, or in accordance with customary permitted practice.",Neither Party will be held responsible or liable for any disclosure or use of Confidential Information by a Third Party or Affiliate that would constitute a breach of this Agreement if committed by the Party itself.,dataset\RitterPharmaceuticalsInc_20200313_S-4A_EX-10.54_12055220_EX-10.54_Development Agreement.pdf
SouthernStarEnergyInc_20051202_SB-2A_EX-9_801890_EX-9_Affiliate Agreement,"This Affiliate Agreement, between SouthernStar Energy Inc. and element 5, outlines terms for promoting software products on element 5's website. Key obligations include element 5 providing order processing, payment forwarding, and end-user service, while the Software Publisher offers technical support. The Software Publisher is responsible for providing advertising material for integration into the Affiliate's website. Notable risks and penalties include the Affiliate's liability for the content of its website and the obligation to delete links to the Software Publisher's websites upon termination. Element 5 reserves the right to reject queries and orders that do not meet its requirements. Both parties can cancel the agreement at any time, but additional agreements, changes, or additions require written confirmation. Liability is limited, but does not apply to claims arising from initial incapacity, justifiable impossibility, or product liability. If the Software Publisher violates an essential obligation, the obligation to pay restitution is limited to","Upon termination of the agreement, the Affiliate is obligated to delete all links referring to the Web sites of the Software Publisher from its own website.","Additional agreements, changes, or additions are valid only if confirmed in writing. This includes the warranting of properties.","The limitation of liability does not apply to claims arising from initial incapacity, justifiable impossibility, or product liability. If the Software Publisher violates an essential obligation, the obligation to pay restitution is limited to typical damages.",dataset\SouthernStarEnergyInc_20051202_SB-2A_EX-9_801890_EX-9_Affiliate Agreement.pdf
SteelVaultCorp_20081224_10-K_EX-10.16_3074935_EX-10.16_Affiliate Agreement,"This Affiliate Agreement, between SteelVaultCorp and Marketing Affiliate, outlines their partnership for data transfer and database coordination. Key obligations include mutual agreement on operational specifications, non-solicitation of Equidata's existing business customers, and maintaining confidentiality of each other's proprietary information. Notable risks and penalties include termination for cause with 30-day notice or immediate termination if Marketing Affiliate defaults on payment or breaches the Agreement, and liability limitations for indirect or consequential damages, with aggregate liability capped at fees paid in the prior 12 months.","This Agreement can be terminated by either party with cause after providing a 30-day written notice. If Marketing Affiliate defaults on payment or breaches this Agreement, Equidata can terminate the Agreement without giving notice to Marketing Affiliate.","The Receiving Party must keep the Disclosing Party's Confidential and Proprietary Information confidential and use it only for the purpose of performing this Agreement. The information received or collected by Marketing Affiliate about its Customers or potential Customers, including information used to enroll Customers, is considered Proprietary and will not be used by Equidata in any manner other than as outlined in the Agreement.",No indirect or consequential damages; aggregate liability capped at fees paid in prior 12 months.,dataset\SteelVaultCorp_20081224_10-K_EX-10.16_3074935_EX-10.16_Affiliate Agreement.pdf
TheglobeComInc_19990503_S-1A_EX-10.20_5416126_EX-10.20_Co-Branding Agreement,"This Co-Branding Agreement, dated May 3, 1999, between Theglobe.com Inc. and Boxlot, outlines the terms for a partnership to jointly market and provide services. Key obligations include Boxlot granting equity to Theglobe, making payments as detailed in Exhibit A, and complying with all applicable laws. Theglobe, in turn, will provide services to Boxlot. Notable risks and penalties include termination for material breach, potential liability limitations, and a cap on liability for Boxlot at the amount it pays to Theglobe under the agreement. Both parties are independent contractors and have no confidential relationship.","Termination: Either party can terminate this Agreement by providing written notice if the other party materially breaches the agreement and fails to cure within 15 days, or as specified in Section 2.6.",The parties are independent contractors and have no confidential relationship.,"Neither party will be liable for indirect, special, incidental, or consequential damages, regardless of the cause (including negligence). This exclusion applies to all claims arising from or in connection with the agreement, except for claims under section 10 or failure to pay under section 6. In no case will either party be liable to the other for an amount greater than the amount Boxlot pays to theGlobe under this agreement.",dataset\TheglobeComInc_19990503_S-1A_EX-10.20_5416126_EX-10.20_Co-Branding Agreement.pdf
TubeMediaCorp_20060310_8-K_EX-10.1_513921_EX-10.1_Affiliate Agreement,"This Affiliate Agreement, dated March 10, 2006, between TubeMediaCorp and an unnamed affiliate, outlines the terms for the distribution and monetization of online video content. The key obligations of TubeMediaCorp include providing the affiliate with video content, handling advertising sales, and making payments to the affiliate. The affiliate's key obligations include displaying the video content on their website, complying with advertising policies, and maintaining accurate records for accounting purposes. Notable risks and penalties include the affiliate's liability for taxes, potential legal issues arising from breaches of confidentiality, and limitations on liability for incidental, consequential, punitive, or special damages. The agreement may not be modified except in writing, and any breaches of the agreement will not waive the right to enforce subsequent breaches. The agreement is governed by the laws of the State of New York.","Network has the right to terminate the Agreement and all other affiliates' agreements with at least 90 days' notice, without liability, except for amounts payable that accrued prior to termination.","The Auditor and officers, employees, consultants or agents of Affiliate with access to the audit report must maintain the confidentiality of the Agreement terms and information acquired during the audit. They must sign a confidentiality agreement.","Limitation of Liability: Neither party shall be liable for incidental, consequential, punitive or special damages, including loss of profits or damages to or loss of personal property, in any cause of action arising out of, related to, or in connection with a default under or a breach of this Agreement.",dataset\TubeMediaCorp_20060310_8-K_EX-10.1_513921_EX-10.1_Affiliate Agreement.pdf
UsioInc_20040428_SB-2_EX-10.11_1723988_EX-10.11_Affiliate Agreement 2,"This Affiliate Agreement, between UsioInc and an affiliate, outlines their mutual obligations in marketing and selling services of Network 1 to commercial businesses. The affiliate is responsible for procuring Merchant Agreements, which Network 1 will review and approve. The affiliate guarantees payment for Equipment and Software purchased by merchants from Network 1. Upon termination, the affiliate's fees continue if not due to an uncured default or termination for cause. Notably, contractors found by the affiliate remain contractors of Network 1 post-termination. The agreement also includes a right of first refusal for any offers to purchase the affiliate's revenue during the term of the agreement. In case of termination, the affiliate is responsible for all expenses and fees incurred, including taxes and business overhead. The agreement is subject to termination upon approval of an ISO sponsorship agreement between the affiliate, Network 1, and Harris Bank.","Termination: Upon termination of the Agreement, Affiliate's fees will continue if not due to an uncured default or termination for cause. In the case of uncured default or termination for cause, all Affiliate's fees will cease.",No confidentiality clause found in the provided excerpt.,"If the contract is terminated, the contractors found by Affiliate will continue to be contractors of Network 1.",dataset\UsioInc_20040428_SB-2_EX-10.11_1723988_EX-10.11_Affiliate Agreement 2.pdf
VgrabCommunicationsInc_20200129_10-K_EX-10.33_11958828_EX-10.33_Development Agreement,"This Mobile Application Development Agreement, between VGRAB Communications Inc. and the Developer, outlines the terms for the development of the Duesey Coffee Chinese Mobile Apps and backend software. The Developer is engaged as an independent contractor to design the Project, per VAL's requirements specifications. The Developer is obligated to complete the Project within the agreed scope of work, as detailed in Clause 6. VAL is responsible for compensating the Developer on a pro-rata basis if the agreement is terminated by VAL before completion. The Developer can also terminate the agreement with a two-week written notice, but only if the project is not completed. Upon termination by the Developer, the Developer must transfer the entire project-related Intellectual Property (IPR) and work done till the date to VAL. Both parties are required to maintain confidentiality regarding technical, economic, financial, and market information obtained or that may be obtained in connection with the","This Agreement can be terminated by either party with a two-week written notice, but only if the project is not completed. If the customer terminates, VAL will compensate the Developer up to the date of termination on a pro-rata basis. The Developer can also terminate with a two-week written notice to VAL, again only if the project is not completed.","Each party agrees to keep confidential all technical, economic, financial, and market conditions, business plans, strategies, and other proprietary information obtained or that may be obtained in connection with the Agreement. Disclosure requires prior written consent.","Upon termination by the Developer, the Developer must transfer the entire project-related Intellectual Property (IPR) and work done till the date to VAL.",dataset\VgrabCommunicationsInc_20200129_10-K_EX-10.33_11958828_EX-10.33_Development Agreement.pdf
